ALS Bag,BLS Bag,O2 Caddy,Suction
2102.972806,811.6352833,374.0784,793